Designator,Mid X,Mid Y,Layer,Rotation
C1,117.3800mm,-125.1299mm,bottom,0.0
C10,122.3800mm,-125.1299mm,bottom,0.0
C11,124.7800mm,-125.1299mm,bottom,0.0
C12,122.0265mm,-126.5222mm,bottom,0.0
C13,122.6218mm,-127.4124mm,top,180.0
C14,117.5419mm,-123.6436mm,bottom,0.0
C15,119.6976mm,-119.6010mm,bottom,0.0
C16,114.7549mm,-116.5415mm,bottom,0.0
C17,123.8650mm,-115.6451mm,bottom,0.0
C18,129.9886mm,-116.0255mm,bottom,0.0
C19,123.8806mm,-118.2487mm,bottom,0.0
C2,125.6623mm,-122.7829mm,bottom,0.0
C21,127.7450mm,-114.1729mm,bottom,0.0
C22,129.2500mm,-107.9500mm,bottom,0.0
C23,129.3712mm,-110.4284mm,bottom,0.0
C26,139.4500mm,-126.1697mm,bottom,0.0
C27,136.8500mm,-126.1697mm,bottom,0.0
C28,126.2001mm,-143.7511mm,top,180.0
C29,118.8523mm,-144.2500mm,top,180.0
C3,125.6399mm,-113.7679mm,bottom,0.0
C30,118.8247mm,-142.6935mm,top,180.0
C31,121.6444mm,-111.9341mm,bottom,0.0
C32,120.4387mm,-113.3837mm,bottom,0.0
C33,123.5500mm,-113.3569mm,bottom,0.0
C34,119.5938mm,-111.7234mm,bottom,0.0
C35,117.5841mm,-113.4189mm,bottom,0.0
C36,139.3266mm,-113.1592mm,bottom,0.0
C4,111.0856mm,-109.0896mm,bottom,0.0
C41,113.7073mm,-106.8727mm,bottom,0.0
C42,119.5500mm,-102.0350mm,bottom,90.0
C43,119.7800mm,-125.1299mm,bottom,0.0
C44,119.7338mm,-126.5222mm,bottom,0.0
C45,123.8782mm,-131.1110mm,top,180.0
C46,123.2601mm,-129.2089mm,top,180.0
C49,135.6001mm,-112.5926mm,bottom,180.0
C5,110.8301mm,-123.5800mm,bottom,0.0
C50,143.3074mm,-116.0000mm,bottom,180.0
C51,140.5000mm,-120.8074mm,bottom,180.0
C52,138.1300mm,-104.0028mm,bottom,180.0
C56,143.3074mm,-117.2000mm,bottom,180.0
C57,143.3074mm,-119.5001mm,bottom,180.0
C58,142.5074mm,-120.7001mm,bottom,180.0
C59,133.9950mm,-121.3950mm,bottom,180.0
C6,117.6727mm,-127.9146mm,top,180.0
C60,143.3074mm,-114.3001mm,bottom,180.0
C61,134.6001mm,-118.0074mm,bottom,180.0
C63,134.0926mm,-120.2000mm,bottom,180.0
C65,133.5000mm,-141.5000mm,bottom,180.0
C66,129.8650mm,-123.9250mm,bottom,180.0
C67,114.5000mm,-105.5500mm,bottom,180.0
C68,130.5000mm,-118.8000mm,top,0.0
C69,127.7500mm,-125.7000mm,bottom,90.0
C7,110.2388mm,-112.4082mm,bottom,0.0
C70,121.2866mm,-121.7688mm,bottom,180.0
C73,131.2500mm,-126.7500mm,bottom,0.0
C74,134.7000mm,-128.9197mm,bottom,0.0
C75,102.3950mm,-103.2325mm,top,0.0
C76,110.9050mm,-106.6175mm,bottom,0.0
C77,108.4250mm,-104.4825mm,top,0.0
C78,131.9000mm,-115.0900mm,top,0.0
C79,130.9000mm,-123.6000mm,top,0.0
C8,125.9299mm,-112.5800mm,bottom,0.0
C80,116.4851mm,-105.7000mm,bottom,180.0
C9,111.2281mm,-110.4875mm,bottom,0.0
D1,104.3000mm,-120.8000mm,bottom,0.0
D2,121.5500mm,-139.8600mm,top,0.0
D3,117.5500mm,-129.9500mm,top,0.0
D4,137.2718mm,-111.6432mm,top,0.0
D5,113.6000mm,-126.8500mm,bottom,180.0
DZ1,107.2500mm,-103.3500mm,bottom,180.0
D_USB,123.3000mm,-101.7500mm,bottom,180.0
F1,101.8000mm,-125.8000mm,bottom,90.0
J1,122.5000mm,-103.8250mm,top,180.0
J11,103.8400mm,-132.8200mm,bottom,90.0
J12,131.2375mm,-103.4500mm,top,180.0
J14,132.0000mm,-103.6500mm,bottom,180.0
J15,141.5000mm,-142.2500mm,top,90.0
J16,142.2500mm,-103.6500mm,bottom,180.0
J17,112.7500mm,-142.3500mm,top,0.0
J18,103.0000mm,-142.3500mm,top,0.0
J19,141.7000mm,-103.2500mm,top,90.0
J2,103.7900mm,-118.1000mm,top,270.0
J20,103.0000mm,-142.3500mm,bottom,0.0
J3,134.7300mm,-130.5200mm,top,0.0
J5,141.6600mm,-130.9200mm,bottom,270.0
J6,141.5000mm,-142.8500mm,bottom,270.0
J8,122.2000mm,-134.4850mm,bottom,0.0
J9,103.6250mm,-129.7800mm,top,270.0
L1,125.5320mm,-127.5926mm,top,180.0
L2,130.7900mm,-108.5500mm,top,0.0
L5,127.5000mm,-119.7500mm,bottom,0.0
Q1,142.3800mm,-110.7700mm,top,0.0
Q3,108.2500mm,-126.7500mm,bottom,0.0
Q4,102.4000mm,-104.0500mm,bottom,180.0
Q5,102.5000mm,-136.0000mm,top,0.0
R1,141.6550mm,-123.9150mm,top,0.0
R10,111.3301mm,-120.9462mm,bottom,0.0
R11,124.0167mm,-119.4973mm,bottom,0.0
R12,123.8288mm,-112.1444mm,bottom,0.0
R14,108.5500mm,-123.9500mm,top,0.0
R16,134.9715mm,-104.1350mm,top,0.0
R17,108.6950mm,-101.7550mm,top,90.0
R18,117.0500mm,-122.2000mm,bottom,0.0
R19,117.4384mm,-126.5406mm,bottom,0.0
R20,128.9500mm,-139.9500mm,top,0.0
R21,134.1901mm,-139.6550mm,top,0.0
R22,111.3849mm,-128.4950mm,bottom,0.0
R23,111.3849mm,-129.8850mm,bottom,0.0
R24,111.3849mm,-131.2750mm,bottom,0.0
R25,111.3849mm,-132.6650mm,bottom,0.0
R26,111.3849mm,-134.0550mm,bottom,0.0
R27,111.3849mm,-135.4450mm,bottom,0.0
R28,137.6001mm,-111.5926mm,bottom,180.0
R29,134.2926mm,-113.7001mm,bottom,180.0
R31,129.9500mm,-112.9500mm,bottom,180.0
R34,143.3074mm,-118.3001mm,bottom,180.0
R35,141.0001mm,-112.1926mm,bottom,90.0
R36,141.6000mm,-117.9174mm,top,180.0
R37,135.1000mm,-116.4074mm,bottom,90.0
R38,143.3800mm,-111.7200mm,bottom,180.0
R39,143.2337mm,-113.1123mm,bottom,180.0
R4,130.8249mm,-125.4883mm,bottom,0.0
R40,131.3650mm,-126.1131mm,top,0.0
R41,133.0766mm,-125.3358mm,bottom,180.0
R42,131.9106mm,-120.0366mm,bottom,180.0
R43,138.4672mm,-121.4451mm,bottom,0.0
R45,108.2500mm,-129.2500mm,bottom,180.0
R46,106.0500mm,-101.1500mm,bottom,180.0
R47,126.9400mm,-108.2000mm,top,0.0
R48,105.4350mm,-110.9825mm,top,0.0
R49,103.7050mm,-109.2325mm,bottom,0.0
R5,137.3843mm,-122.9930mm,bottom,0.0
R50,103.1650mm,-111.1175mm,top,0.0
R51,103.6850mm,-109.6175mm,top,0.0
R52,103.6450mm,-106.2325mm,top,0.0
R53,102.9050mm,-104.4825mm,top,0.0
R54,101.5000mm,-138.5000mm,top,0.0
R55,103.5000mm,-138.5000mm,top,0.0
R56,102.0000mm,-138.0000mm,bottom,180.0
R6,132.8100mm,-109.8300mm,bottom,0.0
R7,133.9100mm,-108.4300mm,bottom,0.0
R9,110.8301mm,-119.5800mm,bottom,0.0
SW1,110.4538mm,-116.9997mm,bottom,0.0
SW2,113.0552mm,-129.3620mm,top,180.0
U1,118.3800mm,-117.5800mm,top,0.0
U10,122.5000mm,-142.8011mm,top,0.0
U11,113.3400mm,-104.5700mm,top,0.0
U12,122.9360mm,-104.8629mm,bottom,0.0
U13,139.1000mm,-117.0000mm,bottom,180.0
U14,103.8000mm,-114.0500mm,bottom,180.0
U17,132.8500mm,-142.2000mm,top,0.0
U19,136.9500mm,-128.9197mm,bottom,0.0
U2,120.6500mm,-109.4000mm,bottom,0.0
U20,130.6375mm,-121.2200mm,top,0.0
U21,114.9000mm,-102.9000mm,bottom,90.0
U3,124.7500mm,-109.4000mm,bottom,0.0
U4,115.5000mm,-110.1300mm,bottom,0.0
U5,137.0400mm,-118.1000mm,top,0.0
U8,130.6375mm,-112.9400mm,top,0.0
U9,138.1500mm,-125.2200mm,top,90.0
Y1,116.2500mm,-119.2500mm,bottom,180.0
Y2,141.8274mm,-123.5001mm,bottom,180.0
